[
  {
    "id": 1,
    "title": "Future AI robot toys",
    "productThumb": "/images/shop/product_1.jpeg",
    "price": 499.9876654
  },
  {
    "id": 2,
    "title": "Awesome men t-shirt",
    "productThumb": "/images/shop/product_2.jpeg",
    "price": 20
  },
  {
    "id": 3,
    "title": "Nature photography",
    "productThumb": "/images/shop/product_3.jpeg",
    "price": 10
  },
  {
    "id": 4,
    "title": "Hemp seed shampoo",
    "productThumb": "/images/shop/product_4.jpeg",
    "price": 35
  },
  {
    "id": 5,
    "title": "iPhone prototype",
    "productThumb": "/images/shop/product_5.jpeg",
    "price": 50
  },
  {
    "id": 6,
    "title": "Red diamond perfume",
    "productThumb": "/images/shop/product_6.jpeg",
    "price": 45
  },
  {
    "id": 7,
    "title": "3d suduku toy",
    "productThumb": "/images/shop/product_7.jpeg",
    "price": 20
  },
  {
    "id": 8,
    "title": "Fossil watch",
    "productThumb": "/images/shop/product_8.jpeg",
    "price": 450
  },
  {
    "id": 9,
    "title": "Water bottle",
    "productThumb": "/images/shop/product_9.jpeg",
    "price": 10
  }
]
